"race","rate"
"White",2.62612692977465
"Black",7.50787655843975
"Hispanic",3.56878114606432
